<beans:beans xmlns="http://www.springframework.org/schema/security"
	xmlns:beans="http://www.springframework.org/schema/beans" 
	xmlns:xsi="http://www.w3.org/2001/XMLSchema-instance"
	xsi:schemaLocation="http://www.springframework.org/schema/beans
	http://www.springframework.org/schema/beans/spring-beans-4.0.xsd
	http://www.springframework.org/schema/security
	http://www.springframework.org/schema/security/spring-security-3.0.3.xsd">
 
	<http auto-config="true">
		<intercept-url pattern="/welcome*" access="ROLE_USER" />
		<intercept-url pattern="/private*" access="ROLE_USER" />
		<form-login login-page="/login" default-target-url="/welcome"
			authentication-failure-url="/loginfailed" />
		<logout logout-success-url="/logout" />
	</http>
 
	<authentication-manager>
	  <authentication-provider>
			<jdbc-user-service data-source-ref="dataSource"
				
				users-by-username-query="
					select username,password,enabled 
					from user where USERNAME=?" 
					
				authorities-by-username-query="
					select username,access 
					from user where USERNAME=?  "
			/>
		</authentication-provider>
	</authentication-manager>
 
</beans:beans>